Region,Mean_ws_155m_RG_B,Wind resource group
IE06_OFF,11.0299376120642,Offshore_high
IE05_OFF,10.8083276624325,Offshore_high
IS00_OFF,10.767361484305,Offshore_high
IE04_OFF,10.6441733594715,Offshore_high
NOS22_OFF,10.5919996731967,Offshore_high
UK051_OFF,10.5383163291112,Offshore_high
UK052_OFF,10.5263896908544,Offshore_high
UK053_OFF,10.5071705263684,Offshore_high
MA12_OFF,10.4746232100022,Offshore_high
DKW013_OFF,10.4424584879516,Offshore_high
DKW14_OFF,10.38669881318,Offshore_high
NOS3_OFF,10.3668532191188,Offshore_high
DKW15_OFF,10.306100268954,Offshore_high
DE015_OFF,10.2569216329263,Offshore_high
IE03_OFF,10.2509614402365,Offshore_high
UK042_OFF,10.2407471072303,Offshore_high
DE014_OFF,10.2177721331262,Offshore_high
NL013_OFF,10.1984756348283,Offshore_high
DE013_OFF,10.1766691864445,Offshore_high
NL012_OFF,10.132754457882,Offshore_high
DE012_OFF,10.1158493400329,Offshore_high
NL011_OFF,10.0380297854426,Offshore_high
NL032_OFF,9.94198970781542,Offshore_high
MA09_OFF,9.89836546985172,Offshore_high
DKW11_OFF,9.87627958312132,Offshore_high
UK012_OFF,9.8489532515265,Offshore_high
UK041_OFF,9.84247273024642,Offshore_high
UK031_OFF,9.75753917975091,Offshore_high
IE01_OFF,9.75652170425359,Offshore_high
NOS21_OFF,9.75179682373822,Offshore_high
UKNI_OFF,9.74395358347872,Offshore_high
UK043_OFF,9.73700523839379,Offshore_high
FR115_OFF,9.72814232875385,Offshore_high
UK032_OFF,9.72012035236607,Offshore_high
IE02_OFF,9.7029010409852,Offshore_high
PL052_OFF,9.65649829450462,Offshore_high
NL033_OFF,9.62510752813719,Offshore_high
ES01_OFF,9.61451725152044,Offshore_high
DE011_OFF,9.61396694879577,Offshore_high
UK02_OFF,9.59513276725788,Offshore_high
NOM1_OFF,9.58589983114657,Offshore_high
NL031_OFF,9.58309770965085,Offshore_high
FR113_OFF,9.55765569785685,Offshore_high
BE013_OFF,9.53945210423179,Offshore_high
LT00_OFF,9.48582481479126,Offshore_high
LV00_OFF,9.47839359886482,Offshore_high
BE012_OFF,9.47246729876911,Offshore_high
PL051_OFF,9.44426145250297,Offshore_high
EEW1_OFF,9.44051828190497,Offshore_high
UK011_OFF,9.43425445636767,Offshore_high
FR173_OFF,9.38645278964043,Offshore_high
FR116_OFF,9.31294445585278,Offshore_high
DKBI_OFF,9.30770595136416,Offshore_high
FR112_OFF,9.29182565708973,Offshore_high
NON1_OFF,9.29143442641322,Offshore_high
FR021_OFF,9.18304992337234,Offshore_high
FI021_OFF,9.18212572251097,Offshore_high
FR24_OFF,9.17038106282256,Offshore_high
SE03_OFF,9.1632256542124,Offshore_high
FR20_OFF,9.15249826058249,Offshore_high
SE04_OFF,9.11312692371762,Offshore_high
MA07_OFF,9.0888859348877,Offshore_high
DE02_OFF,9.04848718061714,Offshore_high
GG00_OFF,9.03560678230476,Offshore_high
FI022_OFF,9.03346247682998,Offshore_high
EEN1_OFF,9.02444498119139,Offshore_high
DKW12_OFF,8.99821166421337,Offshore_high
DKE1_OFF,8.97995727993022,Offshore_high
EG06_OFF,8.97641869896538,Offshore_high
FR22_OFF,8.96176220666449,Offshore_high
DKKF_OFF,8.94953860337768,Offshore_high
BE011_OFF,8.8985647777798,Offshore_high
SE02_OFF,8.86062585880521,Offshore_high
MA11_OFF,8.84172205059242,Offshore_high
FR022_OFF,8.74809043850403,Offshore_high
FR114_OFF,8.74436947251096,Offshore_high
FR171_OFF,8.71823990847084,Offshore_high
EES1_OFF,8.64163141400742,Offshore_high
FI023_OFF,8.61235528912554,Offshore_high
PT01_OFF,8.61155866892007,Offshore_high
PL04_OFF,8.5579909011473,Offshore_high
FR072_OFF,8.51450898391122,Offshore_high
ES10_OFF,8.50278660000363,Offshore_high
FR172_OFF,8.45177244084829,Offshore_high
EG05_OFF,8.38436318056262,Offshore_high
MA10_OFF,8.3721296936711,Offshore_high
FI011_OFF,8.35970700673596,Offshore_high
SE01_OFF,8.34726558070437,Offshore_high
FR071_OFF,8.34606315769547,Offshore_high
GR02_OFF,8.33356054705483,Offshore_high
TR02_OFF,8.32631622628481,Offshore_high
PT02_OFF,8.31315751375057,Offshore_high
FR111_OFF,8.26841401710644,Offshore_high
FR01_OFF,8.18652539873641,Offshore_high
ES09_OFF,8.08454355691648,Offshore_high
GR03_OFF,7.96566217183373,Offshore_low
TN01_OFF,7.90197692023455,Offshore_low
ES02_OFF,7.82204603504883,Offshore_low
MA02_OFF,7.80053485952606,Offshore_low
UA02_OFF,7.79573209154128,Offshore_low
TR04_OFF,7.75358342086453,Offshore_low
MA01_OFF,7.75168572484311,Offshore_low
FR03_OFF,7.73864054481355,Offshore_low
DZ01_OFF,7.68065353259552,Offshore_low
RO03_OFF,7.61370440503017,Offshore_low
TR01_OFF,7.58100495656756,Offshore_low
EG07_OFF,7.52655773954472,Offshore_low
TN05_OFF,7.48906350842602,Offshore_low
TN04_OFF,7.47903680823096,Offshore_low
DZ02_OFF,7.47226344027889,Offshore_low
BG01_OFF,7.47224041790846,Offshore_low
ITSA_OFF,7.46588640222553,Offshore_low
EG03_OFF,7.46458106812289,Offshore_low
TN07_OFF,7.33297519414359,Offshore_low
LY01_OFF,7.29431080207652,Offshore_low
LY05_OFF,7.29288608572,Offshore_low
ES04_OFF,7.23940998900559,Offshore_low
ES06_OFF,7.23678935148167,Offshore_low
LY06_OFF,7.19492283973613,Offshore_low
TN03_OFF,7.19242895919653,Offshore_low
DZ04_OFF,7.1076372122677,Offshore_low
GR012_OFF,7.05409450522159,Offshore_low
MT00_OFF,6.96706136360883,Offshore_low
ITSI_OFF,6.94904326312664,Offshore_low
ITCA_OFF,6.81861109798648,Offshore_low
MA06_OFF,6.78983120123695,Offshore_low
ES11_OFF,6.74570834302537,Offshore_low
ITS1_OFF,6.73679124642606,Offshore_low
EG01_OFF,6.73428305514163,Offshore_low
TR07_OFF,6.72932747025757,Offshore_low
TR03_OFF,6.6449329571612,Offshore_low
FR27_OFF,6.62979354328705,Offshore_low
HR01_OFF,6.61239133774321,Offshore_low
AL00_OFF,6.60167495456858,Offshore_low
EG02_OFF,6.51958341117249,Offshore_low
ITN11_OFF,6.51509009201376,Offshore_low
GR011_OFF,6.50754474282789,Offshore_low
TR10_OFF,6.35642323741247,Offshore_low
ME00_OFF,6.35050730007148,Offshore_low
CY00_OFF,6.16822962476679,Offshore_low
TR06_OFF,6.12825344400427,Offshore_low
ITCS1_OFF,6.05185334405515,Offshore_low
ITCN1_OFF,6.0499328715987,Offshore_low
LB02_OFF,6.00154182900826,Offshore_low
SY02_OFF,5.98929843594776,Offshore_low
MA04_OFF,5.92080161569262,Offshore_low
EG04_OFF,5.7072228566972,Offshore_low
ITCN2_OFF,5.689958633635,Offshore_low
LB01_OFF,5.6247030891849,Offshore_low
IL01_OFF,5.58455261003489,Offshore_low
SI00_OFF,5.46991495163069,Offshore_low
ITCS2_OFF,5.40060833742216,Offshore_low
IL02_OFF,5.30850471774976,Offshore_low
ITN1_OFF,5.24758322520656,Offshore_low
TR11_OFF,5.23758655517797,Offshore_low
PS02_OFF,5.16727749630491,Offshore_low
